Index,Bankrupt?,ROA(C) before interest and depreciation before interest,ROA(A) before interest and % after tax,ROA(B) before interest and depreciation after tax,Operating Gross Margin,Realized Sales Gross Margin,Operating Profit Rate,Pre-tax net Interest Rate,After-tax net Interest Rate,Non-industry income and expenditure/revenue,Continuous interest rate (after tax),Operating Expense Rate,Research and development expense rate,Cash flow rate,Interest-bearing debt interest rate,Tax rate (A),Net Value Per Share (B),Net Value Per Share (A),Net Value Per Share (C),Persistent EPS in the Last Four Seasons,Cash Flow Per Share,Revenue Per Share (Yuan ¥),Operating Profit Per Share (Yuan ¥),Per Share Net profit before tax (Yuan ¥),Realized Sales Gross Profit Growth Rate,Operating Profit Growth Rate,After-tax Net Profit Growth Rate,Regular Net Profit Growth Rate,Continuous Net Profit Growth Rate,Total Asset Growth Rate,Net Value Growth Rate,Total Asset Return Growth Rate Ratio,Cash Reinvestment %,Current Ratio,Quick Ratio,Interest Expense Ratio,Total debt/Total net worth,Debt ratio %,Net worth/Assets,Long-term fund suitability ratio (A),Borrowing dependency,Contingent liabilities/Net worth,Operating profit/Paid-in capital,Net profit before tax/Paid-in capital,Inventory and accounts receivable/Net value,Total Asset Turnover,Accounts Receivable Turnover,Average Collection Days,Inventory Turnover Rate (times),Fixed Assets Turnover Frequency,Net Worth Turnover Rate (times),Revenue per person,Operating profit per person,Allocation rate per person,Working Capital to Total Assets,Quick Assets/Total Assets,Current Assets/Total Assets,Cash/Total Assets,Quick Assets/Current Liability,Cash/Current Liability,Current Liability to Assets,Operating Funds to Liability,Inventory/Working Capital,Inventory/Current Liability,Current Liabilities/Liability,Working Capital/Equity,Current Liabilities/Equity,Long-term Liability to Current Assets,Retained Earnings to Total Assets,Total income/Total expense,Total expense/Assets,Current Asset Turnover Rate,Quick Asset Turnover Rate,Working capitcal Turnover Rate,Cash Turnover Rate,Cash Flow to Sales,Fixed Assets to Assets,Current Liability to Liability,Current Liability to Equity,Equity to Long-term Liability,Cash Flow to Total Assets,Cash Flow to Liability,CFO to Assets,Cash Flow to Equity,Current Liability to Current Assets,Liability-Assets Flag,Net Income to Total Assets,Total assets to GNP price,No-credit Interval,Gross Profit to Sales,Net Income to Stockholder's Equity,Liability to Equity,Degree of Financial Leverage (DFL),Interest Coverage Ratio (Interest expense to EBIT),Net Income Flag,Equity to Liability,Cluster
729,1,0.453956028,0.516081553,0.501739922,0.665150838,0.665150838,0.996294747,0.776710051,0.761550328,0.272988769,0.759283462,0.003824214,0.0,0.461744798,0.000364036,0.0,0.144073153,0.144073153,0.144073153,0.203838518,0.318914904,0.000105873,0.093884863,0.161934172,0.021942367,0.847780033,0.688668535,0.689277176,0.217590063,5720000000.0,0.000366979,0.263793117,0.378208711,0.003245544,0.00034436,0.627881125,0.044450524,0.246576171,0.753423829,0.004874455,0.409986513,0.005365848,0.093938802,0.16152628,0.422677222,0.0,1220000000.0,0.545300298,19100000.0,75600000.0,0.009032258,7050000000.0,0.391284684,0.013695924,0.669427859,0.04060052,0.383260097,0.006327298,0.000253236,0.000159713,0.210205209,0.341533439,0.276391663,0.008081528,0.817651881,0.712388144,0.358559563,0.0,0.890684009,0.001738837,0.011004129,0.04034769,0.004963875,0.572892245,0.001697453,0.671415452,0.307354718,0.817651881,0.358559563,0.110933234,0.642172383,0.459195279,0.571581636,0.314154694,0.085299068,0,0.764289026,0.003735586,0.679350137,0.665149207,0.831484485,0.307015312,0.026350708,0.561557356,1,0.013225499,4
946,0,0.49490567,0.552060619,0.542962685,0.649195001,0.649195001,0.999324164,0.797876419,0.809652649,0.303632324,0.78198794,0.000536438,0.0,0.461296897,0.0,0.262779634,0.197842485,0.197842485,0.197842485,0.244398223,0.316509868,0.015896063,0.122139891,0.198312872,0.022097664,0.848033581,0.689454252,0.689454252,0.217600997,7300000000.0,0.000455393,0.264041774,0.365262099,0.006784378,0.006764302,0.630612252,0.030476295,0.228527376,0.771472624,0.005648229,0.404432734,0.005365848,0.122103343,0.197375764,0.441947796,0.022488756,3650000000.0,0.177122924,0.00011216,0.000153569,0.018870968,0.054809571,0.458322969,0.045817176,0.779161513,0.899370654,0.868977016,0.01251707,0.006863257,0.000281102,0.236326824,0.340388462,0.277010027,0.000153599,0.993740333,0.737028163,0.353101066,0.0,0.937238536,0.002365565,0.01501313,0.001726628,0.001798379,0.594057685,6460000000.0,0.671570919,0.070715033,0.993740333,0.353101066,0.110933234,0.64258323,0.459235439,0.562689731,0.314427105,0.042564681,0,0.807868105,0.019707721,0.624011516,0.649193703,0.842424564,0.2968809,0.026791157,0.565158396,1,0.014592237,4
950,0,0.484132014,0.556203663,0.538519193,0.58358437,0.58358437,0.997241194,0.805639809,0.817080408,0.32155309,0.789747118,0.001568262,0.0,0.469726479,0.000315032,0.0,0.182293203,0.182293203,0.182293203,0.221234755,0.320117422,0.000181496,0.09372201,0.175491451,0.022207843,0.848057227,0.689322505,0.689322505,0.217581804,645000000.0,0.000452772,0.263817983,0.378087627,0.007857698,0.003514093,0.63106978,0.002421142,0.061764973,0.938235027,0.00763226,0.372277631,0.005365848,0.093686388,0.174489103,0.39493156,0.00149925,7300000000.0,0.086589786,268000000.0,605000000.0,0.009032258,0.007141283,0.351009701,0.14877217,0.757606702,0.051555854,0.103869824,0.003233061,0.003987731,0.000660289,0.025561618,0.350274924,0.278020197,0.010344144,0.374495392,0.732285886,0.327032317,0.037753765,0.937782361,0.002889056,0.003531743,0.004313907,0.002296271,0.594614767,0.000327356,0.671566186,0.089741384,0.374495392,0.327032317,0.115877562,0.642850683,0.45924341,0.584570189,0.314556929,0.036927361,0,0.809593746,0.010128763,0.623201997,0.583579931,0.840842054,0.276534915,0.026923377,0.565718741,1,0.06245532,4
1033,0,0.491346951,0.553205408,0.539696986,0.632331109,0.632331109,0.999398577,0.797940193,0.809711368,0.303588093,0.782019941,0.000191378,0.0,0.46394907,0.0,0.235550157,0.203531246,0.203531246,0.203531246,0.256878132,0.361215251,0.020932589,0.13793665,0.212171424,0.022100872,0.848078367,0.689536168,0.689536168,0.217610833,5850000000.0,0.000518976,0.264097722,0.429631906,0.006964097,0.006876593,0.630612252,0.040154479,0.242101763,0.757898237,0.005634241,0.416695558,0.005365848,0.137899588,0.211213332,0.45745107,0.019490255,304000000.0,0.20566227,5270000000.0,0.000208793,0.022419355,0.061266395,0.481332399,0.043169814,0.786883529,0.943056149,0.933454498,0.040032014,0.006870853,0.000858624,0.247467956,0.348219491,0.277087802,0.000597877,0.982947111,0.739986408,0.36123977,8920000000.0,0.937436765,0.002684388,0.005143404,0.001888866,0.00191999,0.594099512,0.000210242,0.671602051,0.058543653,0.982947111,0.36123977,0.111352471,0.650258379,0.460054671,0.623270739,0.318234518,0.041504358,0,0.809642478,0.020016348,0.624803799,0.632327513,0.843446707,0.303899883,0.026791157,0.565158396,1,0.013544719,4
1109,0,0.459220982,0.508068033,0.508324857,0.601536488,0.601536488,0.998876419,0.796795703,0.808816652,0.302680755,0.7810525,0.000219825,0.0,0.462420842,0.0,0.0,0.156419873,0.15283806,0.15283806,0.197882197,0.323229822,0.005127274,0.093152023,0.154854259,0.022050808,0.848085202,0.689601262,0.689601262,0.217618063,5240000000.0,0.000491626,0.264516555,0.385706568,0.004266445,0.0044118,0.630612252,0.025833721,0.219336699,0.780663301,0.004884327,0.392974012,0.05250195,0.093165274,0.158147953,0.419827631,0.016491754,4870000000.0,0.128365576,19100000.0,1970000000.0,0.016935484,0.068025792,0.372865833,0.418037852,0.695976014,0.561001861,0.537454388,0.006165641,0.00440542,0.000143644,0.227788728,0.34375258,0.27697486,0.0,0.997273777,0.723335097,0.349095459,0.0,0.921522327,0.002046107,0.013370651,0.001255581,0.001320567,0.593595518,373000000.0,0.671536573,0.442923107,0.997273777,0.349095459,0.110933234,0.635294737,0.458378943,0.586424267,0.311852869,0.066178767,0,0.78154756,0.006550256,0.625003241,0.601535059,0.837497933,0.293514156,0.026791157,0.565158396,1,0.015371779,4
1430,0,0.555550139,0.593545573,0.614165641,0.639970308,0.639970308,0.999040727,0.797492385,0.809407878,0.303554255,0.781704431,0.000672079,0.0,0.471274838,0.0,0.044032797,0.177405082,0.177405082,0.177405082,0.239481895,0.328393577,0.040171212,0.110170182,0.186186639,0.022124655,0.84813581,0.689557894,0.68956052,0.217619855,7570000000.0,0.000482044,0.264279553,0.392561753,0.009923838,0.004860341,0.630613964,0.004854139,0.102488134,0.897511866,0.009243072,0.369637181,0.005365848,0.110174736,0.185212277,0.398306322,0.221889055,0.075473,8370000000.0,4570000000.0,0.002585709,0.045967742,0.00620713,0.39359128,0.000303796,0.798362271,0.230905645,0.44158955,0.08409262,0.00503851,0.005320889,0.083569873,0.363464115,0.277606101,0.012964145,0.764680403,0.734943756,0.329557207,0.0,0.943060759,0.002265987,0.16380754,7490000000.0,3820000000.0,0.593938605,4380000000.0,0.671572376,0.041014831,0.764680403,0.329557207,0.110933234,0.643124003,0.459322296,0.641237481,0.314594065,0.02940577,0,0.830524452,0.001040044,0.623730859,0.639966301,0.842495492,0.2782998,0.026791623,0.56516062,1,0.036983928,4
1711,0,0.301126115,0.398877017,0.381605011,0.432652532,0.432652532,0.995781371,0.79344067,0.806556947,0.303292978,0.778481405,0.000607439,0.000135149,0.451367605,0.000206021,0.0,0.168345202,0.168345202,0.168345202,0.187293183,0.295819481,0.001981336,0.065874114,0.136928523,0.022091595,0.831638396,0.646440143,0.646440143,0.212453377,0.000424422,0.00093549,0.258095749,0.328965016,0.004767536,0.000655656,0.630522185,0.007672877,0.135048523,0.864951477,0.004967503,0.377229731,0.005365848,0.071416939,0.146165448,0.396343628,0.017991004,0.298213507,2130000000.0,7930000000.0,1740000000.0,0.011935484,0.001994624,0.37076276,0.02948349,0.726619155,0.273531947,0.37050781,0.05524437,0.00344946,0.002059511,0.14217359,0.310576058,0.276350475,0.003759131,1.0,0.730101063,0.333075998,0.0,0.915810368,0.001424922,0.009901558,0.001508916,0.00112745,0.593673096,0.000578514,0.671198364,0.61476757,1.0,0.333075998,0.110933234,0.596731546,0.450580261,0.432731822,0.306644922,0.059614771,0,0.749251468,0.001544149,0.622860493,0.43265355,0.836062174,0.280343908,0.026770914,0.565059987,1,0.027326825,4
1817,0,0.471164627,0.54361099,0.524225066,1.0,1.0,0.975214658,0.850681112,0.864385531,0.446320726,0.829203358,0.030293408,0.0,0.460350771,0.000467047,0.0,0.196325481,0.196325481,0.196325481,0.218209322,0.315448822,1510000000.0,0.09323345,0.173307223,0.024616846,0.848074826,0.68920761,0.68920761,0.217569005,7620000000.0,0.000450077,0.263611286,0.370850564,0.008377509,0.001199021,0.631742373,0.006002243,0.117211355,0.882788645,0.006076092,0.372570641,0.013587062,0.093246698,0.172294699,0.397537321,0.0,4870000000.0,0.131771818,0.0,0.0,0.008870968,0.000226194,0.373759074,0.121325735,0.788089044,0.32291767,0.481569287,0.065406396,0.005456568,0.003225443,0.107362944,0.33795918,0.277602774,0.007895329,0.864647035,0.734487289,0.330872868,0.002447443,0.933381952,0.002467018,0.004097944,0.32381119,0.219515975,0.656488502,0.112452305,0.556054262,0.134070071,0.864647035,0.330872868,0.112778393,0.556002734,0.440516252,0.55427717,0.301132405,0.03469716,0,0.801638528,0.012686194,0.623248672,1.0,0.840477288,0.279132286,0.027170901,0.566490431,1,0.03198036,4
1878,0,0.523765417,0.596162233,0.577707586,0.657915219,0.657915219,1.0,0.798631204,0.810411309,0.303537336,0.7827551,0.0,0.0,0.494221753,0.0,0.062759389,0.205048249,0.205048249,0.205048249,0.236929186,0.330621773,0.004234917,0.11570719,0.189350004,0.02205163,0.848007771,0.689331767,0.689331767,0.21758563,726000000.0,0.000454245,0.263604292,0.384253567,0.000604054,0.000892092,0.630612937,0.000766011,0.022765063,0.977234937,0.12701484,0.369637181,0.006516891,0.115687137,0.188040118,0.393665522,0.020989505,0.065001572,9730000000.0,19100000.0,0.00768753,0.011290323,0.089787465,0.702844802,0.002359952,0.729406846,0.006310286,0.006045419,0.006351629,0.000743574,0.001223129,0.027138432,0.438591897,0.27697486,0.0,0.993373715,0.730965077,0.326954134,0.0,0.948072201,1.0,0.0,1190000000.0,1860000000.0,0.593805293,3410000000.0,0.671550374,0.002137899,0.993373715,0.326954134,0.110933234,0.637641688,0.454168202,0.648197222,0.314029546,0.334265409,0,0.832556883,0.014653776,0.642119959,0.657915683,0.841886317,0.275334438,0.026791392,0.565159517,1,0.158440133,4
2214,0,0.498025642,0.568741823,0.554687082,0.555780568,0.555780568,0.996816789,0.809512512,0.821052859,0.329206969,0.795630642,0.001546985,0.0,0.464740864,0.00049805,0.0,0.180607644,0.180607644,0.180607644,0.225678359,0.319056377,0.000181496,0.093396303,0.177826316,0.022184438,0.848082202,0.690522938,0.690522938,0.217729839,6340000000.0,0.000471264,0.264596592,0.378776871,0.005938827,0.002155993,0.631168751,0.002708396,0.06744868,0.93255132,0.007494663,0.372663465,0.005365848,0.093385119,0.176789081,0.395241036,0.00149925,6490000000.0,0.096489153,287000000.0,605000000.0,0.009032258,0.006421574,0.346057303,0.138723161,0.7504686,0.047737648,0.116134608,0.003424949,0.002509911,0.000481754,0.037329957,0.345826456,1.0,0.00920664,0.506357324,0.731912005,0.327456852,0.02898031,0.937490245,0.002861662,0.005403633,0.004941808,0.002213732,0.593915841,0.000357547,0.671452224,0.090262591,0.506357324,0.327456852,0.115252025,0.641440724,0.458730908,0.576240088,0.314385849,0.048371264,0,0.815948987,0.011030435,0.622510705,0.555780622,0.841244427,0.276743372,0.026968091,0.565881061,1,0.057176028,4
2368,0,0.466728416,0.535870039,0.518764388,0.597637614,0.597637614,0.998964466,0.797395409,0.809318172,0.303544345,0.781573764,6920000000.0,0.0,0.470100568,0.000351035,0.221986031,0.178584973,0.178584973,0.178584973,0.215372979,0.343708,0.022369436,0.095594821,0.171198313,0.022023468,0.847927,0.689256286,0.689256286,0.217571225,5240000000.0,0.000439272,0.263957853,0.425757237,0.005855832,0.000247665,0.636006356,0.010216216,0.156301962,0.843698038,0.005049733,0.379097394,0.005365848,0.095583565,0.170168162,0.407198063,0.076461769,0.07958163,7940000000.0,1300000000.0,0.000212576,0.027580645,0.19225651,0.394461907,0.233987037,0.748585581,0.041294554,0.515073581,0.021168664,0.000385234,0.000693138,0.161937106,0.366499814,0.242074512,0.014475761,0.987666879,0.731747968,0.335216453,0.0,0.935340609,0.002261466,0.008317319,0.000250162,1510000000.0,0.593912108,2790000000.0,0.671576749,0.402884393,0.987666879,0.335216453,0.110933234,0.647298326,0.459987873,0.695184858,0.315427941,0.049027186,0,0.797478997,0.003454377,0.621451202,0.597635383,0.840190491,0.282187998,0.028060292,0.567907867,1,0.023127246,4
2600,0,0.509189295,0.5809529,0.566036726,0.617045504,0.617045504,0.964194341,1.0,1.0,0.730252413,1.0,0.035177547,0.0,0.462241346,0.000385039,0.0,0.20214066,0.20214066,0.20214066,0.233714664,0.319162481,1510000000.0,0.092012051,0.185734729,0.021935161,0.847500898,0.690211663,0.690211663,0.217719028,0.000114833,0.000614901,0.264640107,0.377743005,0.009615571,0.006200974,0.630891015,0.004268687,0.094023037,0.905976963,0.006227204,0.372978843,0.013771693,0.091968342,0.183394917,0.396489658,0.0,9740000000.0,0.065119953,19100000.0,0.0,0.008870968,0.000185068,0.370242645,0.082800781,0.80005686,0.354684174,0.481198691,0.29187382,0.006881248,0.016458454,0.093832281,0.343057253,0.277366052,0.007413152,0.935451468,0.734920607,0.329813537,0.00037322,0.938827638,0.002869213,0.006063593,0.280919972,0.208915984,0.665518135,0.435679046,0.814675685,0.129253566,0.935451468,0.329813537,0.111182441,0.766958709,0.492338672,0.572006225,0.331555591,0.030328866,0,0.818657954,0.011199718,0.624156936,0.617042427,0.841585885,0.277874798,0.026858462,0.565460105,1,0.040544196,4
3049,0,0.44571735,0.490351068,0.489640773,0.608700039,0.608700039,0.998982376,0.796518884,0.80847905,0.301975478,0.780639025,0.000228729,0.0,0.461384129,0.0,0.0,0.147697105,0.14133412,0.14133412,0.185780467,0.316828181,0.004915529,0.095676248,0.148226256,0.02221339,0.848184383,0.689234242,0.689234242,0.217570634,613000000.0,0.000375064,0.263763589,0.376243434,0.004303263,0.004467945,0.630612252,0.037882892,0.239411071,0.760588929,0.004852431,0.402817821,0.064164107,0.095673132,0.153691275,0.432813565,0.017991004,4460000000.0,0.143595042,19100000.0,2120000000.0,0.017096774,0.069867662,0.397005947,0.397763155,0.692425868,0.616411499,0.590538263,0.004085612,0.004441721,8740000000.0,0.248068382,0.340649071,0.27697486,0.0,0.996415926,0.719639262,0.359707977,0.0,0.913268498,0.002024662,0.020041565,0.001392149,0.001463535,0.593571643,2500000000.0,0.671567302,0.406619376,0.996415926,0.359707977,0.110933234,0.641871054,0.459160526,0.564601623,0.314061137,0.065654824,0,0.771852354,0.007000431,0.625163171,0.608696189,0.834325006,0.30225238,0.026791157,0.565158396,1,0.013742691,4
3086,0,0.350168186,0.408035325,0.386744472,0.619661569,0.619661569,0.998758676,0.789698837,0.801789771,0.29052765,0.773050093,0.000628369,0.0,0.470652475,0.0,0.0,0.128734567,0.116050735,0.116050735,0.173016924,0.334830586,0.000786485,0.094454849,0.139639979,0.023564331,0.848132552,0.688427923,0.688427923,0.217519206,3830000000.0,0.000248371,0.262710679,0.468350658,0.008646463,0.008920294,0.630612252,0.112537959,0.275266802,0.724733198,0.005076457,0.465365491,0.073164059,0.09444363,0.147447402,0.554696198,0.005997001,812000000.0,0.718671147,19100000.0,5980000000.0,0.012580645,0.023770985,0.375941295,0.051331304,0.827627028,0.963972075,0.923510343,0.018790596,0.008784476,0.000501613,0.198737869,0.360021235,0.27697486,0.0,0.691323815,0.774079545,0.395635119,0.000132336,0.839937562,0.001992389,0.063941424,0.005376663,0.00563479,0.595036304,0.000282445,0.67156505,0.062678402,0.691323815,0.395635119,0.112450056,0.64230499,0.459215838,0.734936531,0.313796622,0.033646554,0,0.707020111,0.00230151,0.625294834,0.619658561,0.785534076,0.356393782,0.026791157,0.565158396,1,0.01141632,4
3450,0,0.457368498,0.527692979,0.510198619,0.597788956,0.597788956,0.99470863,0.795171586,0.807775073,0.30856129,0.779913269,0.004330702,0.001785293,0.462066883,0.000227023,0.0,0.168682314,0.168682314,0.168682314,0.21282027,0.3234774,0.000211746,0.090872079,0.164193718,0.022091595,0.0,0.0,0.0,0.138308055,1.0,1.0,0.0,0.378646474,0.007649898,0.006177892,0.626270531,0.019030814,0.200441394,0.799558606,0.005746366,0.380251542,0.005848445,0.09083655,0.167197044,0.408024672,0.00149925,609000000.0,1.0,32500000.0,454000000.0,0.009354839,0.000305509,0.387564732,0.018936564,0.780007527,0.458199341,0.493826952,0.070529452,0.006916929,0.003108443,0.120186739,0.341825776,0.277229599,0.002247926,0.568855279,0.735661482,0.335934404,0.018108195,0.930707065,0.002157227,0.004011187,0.030740892,0.028661192,0.598467145,0.011235082,0.675581506,0.168345146,0.568855279,0.335934404,0.136878115,0.675490013,0.463445945,0.572166307,0.323895344,0.037900842,0,0.794232393,0.011179622,0.624182458,0.59778808,0.839796505,0.288580601,0.026285024,0.560526709,1,0.017196271,4
3530,0,0.528445376,0.573757087,0.577172225,0.608296459,0.608296459,0.999069267,0.797501516,0.809399285,0.303510507,0.781685063,0.000135295,0.0,0.477884301,0.00019502,0.193440632,0.183936623,0.183936623,0.183936623,0.230311052,0.327155691,0.029583919,0.110170182,0.182872637,0.022088561,0.848047216,0.689324237,0.689324237,0.217600682,648000000.0,0.00044314,0.263702201,0.383713349,0.007234923,0.006972041,0.630616704,0.002360043,0.060525441,0.939474559,0.005055378,0.369848552,0.005365848,0.110158451,0.181901817,0.393883897,0.166416792,0.080592049,7860000000.0,0.001176819,0.000121796,0.031451613,0.043605599,0.407724837,0.044277887,0.759423306,0.179752449,0.183059464,0.046989972,0.00694282,0.00517183,0.047840622,0.376678323,0.27714091,0.001110452,0.72287455,0.732378579,0.32776864,0.002520528,0.943963438,0.002362746,0.03233307,3280000000.0,3760000000.0,0.59392017,308000000.0,0.671578226,0.676746903,0.72287455,0.32776864,0.11149604,0.654644639,0.464009094,0.638095088,0.315944461,0.04000356,0,0.821086968,0.004135507,0.62377137,0.608294368,0.841509644,0.27649053,0.026792264,0.565163672,1,0.063736497,4
3718,0,0.447813582,0.510848234,0.494137802,0.591374912,0.591374912,0.998399209,0.796494674,0.808396114,0.303153035,0.78017755,0.000534356,0.0,0.461311995,0.0,0.0,0.14133412,0.132779908,0.132779908,0.200434906,0.316580604,0.001467096,0.091360638,0.162160127,0.021917699,0.848067603,0.689481634,0.689481634,0.217608579,4280000000.0,0.000407131,0.263886363,0.37507917,0.007604968,0.007826078,0.630612252,0.028718117,0.225292499,0.774707501,0.006372225,0.403769546,0.021250731,0.09138209,0.164308876,0.443736326,0.007496252,1420000000.0,0.461017774,19100000.0,2420000000.0,0.012580645,0.034002614,0.328339477,0.039501989,0.80561807,0.98894397,0.947434069,0.013721841,0.007743501,0.000315581,0.230757548,0.340433926,0.27697486,0.0,0.983773659,0.741309063,0.35130383,0.000257847,0.889129803,0.002026967,0.011547696,0.004324781,0.00453361,0.594543754,0.000161856,0.671476761,0.042974797,0.983773659,0.35130383,0.111878369,0.632450244,0.458077238,0.563043288,0.31053567,0.038115617,0,0.78221463,0.003719825,0.63214146,0.591373129,0.837416421,0.295606317,0.026791157,0.565158396,1,0.014857849,4
3793,1,0.459123483,0.526875273,0.511055196,0.612851151,0.612851151,0.998869255,0.797139341,0.809080302,0.303296121,0.7813645,0.000408544,0.0,0.457680146,0.000414041,0.0,0.182082508,0.182082508,0.182082508,0.21102392,0.288604372,0.0037963,0.093559156,0.166603901,0.022107414,0.848017324,0.68958193,0.68958193,0.217603549,7080000000.0,0.000437076,0.264083735,0.319827875,0.008112923,0.0,0.618090506,0.025006611,0.217432052,0.782567948,0.923930011,0.395615579,0.005365848,0.093556109,0.165643617,0.441272576,0.007496252,0.450399197,137000000.0,95500000.0,0.034985751,0.011774194,0.012537638,0.388118767,3480000000.0,0.820982455,0.037695512,0.988766677,0.000890695,0.000200198,2090000000.0,0.226224232,0.329541107,0.278828427,0.020777107,0.998928049,0.742752235,0.348401735,0.0,0.93045371,0.002120713,0.004319901,0.005572368,0.000243799,0.594907305,1300000000.0,0.671493266,8320000000.0,0.998928049,0.348401735,0.110933234,0.635904462,0.45844342,0.487125599,0.312128389,0.035799024,0,0.793176261,0.00204394,0.617459722,0.612848555,0.83956297,0.292914722,0.026473396,0.562991745,1,0.015540764,4
3862,0,0.462292205,0.522241605,0.516569409,0.628324133,0.628324133,0.982789587,0.773701837,0.791394033,0.295983037,0.788085079,0.016748905,0.0,0.74188873,0.000446045,0.0,0.172601239,0.172601239,0.172601239,0.2149948,0.322487091,1510000000.0,0.093640583,0.168185584,0.021953682,0.848015512,0.688943944,0.688912291,0.217600566,6090000000.0,0.000441343,0.263712303,0.387709102,0.586114864,0.263744141,0.630532458,1190000000.0,0.00036279,0.99963721,0.242496459,0.369637181,0.005365848,0.093718957,0.167295076,0.39880068,0.0,2640000000.0,0.233840413,19100000.0,0.000110449,0.008870968,0.000631582,0.357816422,0.001068616,0.939225119,0.323095498,0.689580657,0.229932126,0.266294069,0.537209989,0.00179834,0.73235488,0.277251131,0.825533838,0.456351065,0.739758669,0.326222203,0.0,0.929681743,0.002175419,0.016111294,0.166295583,0.079111663,0.706978207,0.1424041,0.705789268,0.001189079,0.456351065,0.326222203,0.110933234,0.714405856,0.851406181,0.623428215,0.321274869,0.000214397,0,0.790799304,0.003396095,0.626519236,0.628321132,0.839800064,0.274787609,0.026771665,0.565063707,1,0.920638149,4
4175,0,0.430166236,0.48380942,0.476149687,0.602667954,0.602667954,0.998841524,0.796072874,0.808117753,0.301490871,0.780144848,0.000273018,0.0,0.459032234,0.0,0.0,0.159959547,0.159959547,0.159959547,0.163467902,0.299957558,0.008061467,0.090709226,0.132032839,0.021990977,0.847872521,0.676818751,0.676818751,0.217116203,3440000000.0,0.000351957,0.263429455,0.34277784,0.00401746,0.003451709,0.630612252,0.039364758,0.241194788,0.758805212,0.004842475,0.402899462,0.070714512,0.090706271,0.130993138,0.422777701,0.013493253,7300000000.0,0.086992831,19100000.0,1890000000.0,0.016935484,0.071327644,0.363639447,0.413330514,0.681668322,0.583024546,0.558552694,0.019431882,0.004156254,0.000412065,0.250307119,0.333601107,0.27697486,0.0,0.998120102,0.716906844,0.361074466,0.0,0.919017384,0.002043287,0.032535894,0.00128127,0.001347461,0.593518933,0.000115545,0.671611596,0.425244789,0.998120102,0.361074466,0.110933234,0.651479383,0.460188015,0.510183605,0.318777224,0.070012612,0,0.760387118,0.008384013,0.625916434,0.602669621,0.831339851,0.303327279,0.026791157,0.565158396,1,0.013610944,4
4253,0,0.536635304,0.592673354,0.574495423,0.632028424,0.632028424,0.998545492,0.80317804,0.813338796,0.31452376,0.785910898,0.001040266,0.000450101,0.468179798,0.001950195,0.264298006,0.236146812,0.236146812,0.236146812,0.238158268,0.322416354,0.001225101,0.092826317,0.207426376,0.021991515,0.84785264,0.689383733,0.689383733,0.217591868,0.000187136,0.000827138,0.263807881,0.377193473,0.007284845,0.006225304,0.63062458,0.001737204,0.047071984,0.952928016,0.011633498,0.369715467,0.007660013,0.092807009,0.194517759,0.394533663,0.005997001,994000000.0,0.063754552,5180000000.0,6050000000.0,0.009516129,0.002259007,0.388797178,0.005057578,0.754825893,0.084807172,0.082753802,0.020718326,0.007295931,0.004859529,0.022195349,0.349426712,0.277022154,0.000328482,0.421153372,0.732126808,0.326875359,0.0,0.943252786,0.003168552,0.004603816,0.000964578,0.000998721,0.594034124,0.000586394,0.671721234,0.034456605,0.421153372,0.326875359,0.110933234,0.6497367,0.462744753,0.578744099,0.315324108,0.039737356,0,0.821273313,0.003876458,0.623832337,0.632028437,0.841441106,0.276038687,0.026793966,0.565171757,1,0.08154675,4
4439,0,0.515331741,0.568142172,0.575994432,0.6383704,0.6383704,0.99899289,0.797431101,0.809360877,0.303547246,0.781622887,0.000694282,0.0,0.46891791,0.000868087,0.0,0.172179849,0.172179849,0.172179849,0.224543821,0.333875645,0.038658741,0.101050403,0.181140318,0.022100777,0.848511809,0.716820007,0.690707573,0.217738175,60400000.0,0.000632993,0.264438073,0.39557021,0.006248966,0.002071774,0.631581417,0.00650927,0.123015993,0.876984007,0.007724918,0.370785738,0.005365848,0.1010064,0.176065153,0.398610439,0.194902549,0.109240867,5810000000.0,4450000000.0,0.001534934,0.056129032,0.006362822,0.392618891,0.000461475,0.75515541,0.145032155,0.352310738,0.097009498,0.002497351,0.004909952,0.104594692,0.358878741,0.283204197,0.010040191,0.802866983,0.732243704,0.330904511,0.002779077,0.936699191,0.002248781,0.160453273,6020000000.0,2230000000.0,0.593916963,5270000000.0,0.671587048,0.058188096,0.802866983,0.330904511,0.112525374,0.678028557,0.466503162,0.63758967,0.320170876,0.046065199,0,0.813653488,0.000911244,0.62370132,0.638367935,0.841445058,0.279500066,0.027218758,0.566609942,1,0.03032045,4
4585,0,0.341003266,0.335695595,0.366293699,0.652257888,0.652257888,0.993568757,0.790983743,0.80328704,0.30362894,0.775075221,0.006345553,0.001654049,0.448329601,0.001006101,0.0,0.154355063,0.154355063,0.154355063,0.188994989,0.307455613,0.000877233,0.073039655,0.13873616,0.022234218,0.847403081,0.687850963,0.687850963,0.217415328,0.000116748,0.000675565,0.261654661,0.352147834,0.008003095,0.005600839,0.630604375,0.003140645,0.075490522,0.924509478,0.006392081,0.369757964,0.005365848,0.073061703,0.148646407,0.395353573,0.011994003,9330000000.0,0.067578357,707000000.0,2190000000.0,0.010645161,0.000361324,0.385393817,0.001231019,0.773709977,0.284061689,0.334187554,0.187828728,0.006631175,0.012691213,0.078228743,0.302900629,0.277341006,0.003897892,0.962497079,0.733204437,0.328955099,0.000497075,0.896148691,0.001992403,0.066193734,0.001514445,0.001300391,0.594176012,0.002184177,0.672296163,0.126993741,0.962497079,0.328955099,0.11114585,0.723463029,0.485730608,0.469745731,0.324677244,0.036274525,0,0.703893858,8880000000.0,0.623752274,0.652258691,0.834297945,0.277056585,0.026788683,0.565146571,1,0.050985849,4
4989,0,0.587188612,0.662614479,0.641094277,0.632619381,0.632619381,0.999140098,0.807061672,0.817723192,0.320065191,0.79043119,0.000454683,0.0,0.458903064,0.000348035,0.077234538,0.209809953,0.209809953,0.209809953,0.264441713,0.31548419,0.001270475,0.096246234,0.215184153,0.022148913,0.848419592,0.689496696,0.689496696,0.217605364,7680000000.0,0.00049754,0.264450505,0.358565255,0.001448357,0.001489731,0.630662251,0.001793742,0.048341748,0.951658252,0.01192966,0.371258804,0.011903456,0.096234957,0.213128723,0.393662843,0.005997001,0.357840382,1790000000.0,19100000.0,787000000.0,0.009677419,0.006524389,0.395830036,0.010496259,0.71920821,0.039132212,0.037489678,0.020584197,0.001587252,0.002247573,0.048227022,0.333927669,0.27697486,0.0,0.900677687,0.730362537,0.327702492,0.010791403,0.960267679,0.005899302,0.00331654,0.000344807,0.000367108,0.593280879,0.0004316,0.671129727,0.033466792,0.900677687,0.327702492,0.111470182,0.615621203,0.445693136,0.553388463,0.311510289,0.173132508,0,0.867317959,0.007560127,0.622189304,0.632616228,0.844008428,0.276079726,0.026805548,0.565226093,1,0.07945392,4
5049,0,0.4913957,0.561055386,0.543551582,0.614270889,0.614270889,0.999221789,0.797680113,0.809569062,0.303503498,0.781847309,7850000000.0,0.0,0.45794184,0.000308031,0.072072072,0.194808478,0.194808478,0.194808478,0.23343103,0.298436726,0.01504908,0.113508672,0.18611132,0.022058298,0.848009936,0.689327237,0.689327237,0.217584813,0.00010244,0.000464077,0.263796225,0.346913304,0.010032418,0.0002826,0.631396488,0.016041547,0.188922816,0.811077184,0.008045996,0.381684162,0.005421298,0.113447978,0.185182113,0.426902708,0.03898051,0.345613911,1790000000.0,42000000.0,0.000563591,0.019032258,0.127597198,0.502962393,0.035369673,0.854946692,0.057416672,0.955661949,0.02864162,0.000501615,0.000853508,0.177982669,0.331320448,0.278157651,0.024952962,0.900772253,0.743769929,0.339087796,0.002054461,0.942328434,0.00288001,0.003682917,0.001218196,7350000000.0,0.594250336,9520000000.0,0.671564092,0.036394984,0.900772253,0.339087796,0.115993036,0.63973472,0.458840787,0.507889213,0.313747746,0.029093741,0,0.809981698,0.006889953,0.618326982,0.614267655,0.841827263,0.286412755,0.026877317,0.565538256,1,0.018483258,4
5331,0,0.482377029,0.552387702,0.534557524,0.618429208,0.618429208,0.999252987,0.797657426,0.809555912,0.303398601,0.781832993,0.000114018,0.0,0.460969779,0.000318032,0.046360968,0.215245881,0.215245881,0.215245881,0.24335823,0.311416849,0.024154151,0.128084032,0.194019733,0.022056481,0.848010454,0.689296018,0.689296018,0.217581757,6780000000.0,0.000473085,0.263835078,0.365746433,0.007492644,2990000000.0,0.632541335,0.030358657,0.228315748,0.771684252,0.00831371,0.403618567,0.005526104,0.128079861,0.193092527,0.446096918,0.026986507,0.254593043,2480000000.0,268000000.0,0.000701273,0.021612903,0.3713203,0.753646458,0.068151195,0.802772577,0.044599957,0.949907319,0.003321765,0.000240926,7510000000.0,0.234706994,0.339417566,0.279354316,0.019071704,0.987716576,0.741209274,0.352837762,0.0002969,0.939073248,0.002576381,0.005200914,0.001532802,7460000000.0,0.594126806,1390000000.0,0.671536825,0.019085631,0.987716576,0.352837762,0.112071466,0.631992605,0.458041093,0.555588367,0.310177949,0.03867082,0,0.806503089,0.024053154,0.617659494,0.618426868,0.842145383,0.296795791,0.02703408,0.566100205,1,0.014609019,4
5385,0,0.492663189,0.550207152,0.539750522,0.646168149,0.646168149,0.999330173,0.797829244,0.809603955,0.303537336,0.781916361,0.000481857,0.0,0.463311609,0.0,0.300840166,0.194934895,0.194934895,0.194934895,0.239765529,0.337695409,0.016183432,0.123035583,0.196053325,0.022128843,0.848022206,0.689362064,0.689362064,0.217586791,6230000000.0,0.000453072,0.263939203,0.394433888,0.007469555,0.007412472,0.630612252,0.027976728,0.223871572,0.776128428,0.005598841,0.400874111,0.005365848,0.123039719,0.195136113,0.440854582,0.023988006,3650000000.0,0.168586396,5460000000.0,0.000165673,0.019516129,0.052485936,0.456559101,0.043679744,0.800184445,0.949804372,0.913622352,0.014749104,0.007576466,0.000345619,0.226467019,0.346271541,0.276985029,8030000000.0,0.971435806,0.740217862,0.350355277,0.0,0.937189206,0.002361341,0.015066722,0.001602193,0.001676647,0.59413366,6720000000.0,0.671567279,0.079683237,0.971435806,0.350355277,0.110933234,0.641504119,0.459110579,0.604942895,0.314028889,0.038787534,0,0.80753795,0.018424687,0.624223994,0.646166801,0.842212686,0.29506834,0.026791157,0.565158396,1,0.014979926,4
5422,0,0.499585629,0.572394243,0.55484769,0.616029346,0.616029346,0.99921763,0.797668908,0.80957427,0.303492622,0.781852782,0.00011078,0.0,0.452008421,0.000292029,0.016702095,0.18857191,0.18857191,0.18857191,0.249220006,0.209450378,0.027103468,0.127676899,0.198086917,0.022444273,0.848396158,0.690307227,0.690307227,0.217697223,0.000175999,0.00052509,0.26473957,0.188741105,0.007107622,0.000243922,0.631558472,0.033118121,0.232850621,0.767149379,0.005938439,0.404532268,0.006098274,0.127648314,0.197172159,0.447145921,0.053973013,0.14633216,4350000000.0,592000000.0,0.000390353,0.030806452,0.222927897,0.582879175,0.072674566,0.791066696,0.06858032,0.931026654,0.030306048,0.00041017,0.000664585,0.242032813,0.312523369,0.279898748,0.017642252,0.999213424,0.739631691,0.355584988,0.0,0.936999508,0.002724219,0.005836877,0.001002103,729000000.0,0.594024978,8530000000.0,0.671587564,0.050567722,0.999213424,0.355584988,0.110933234,0.649950148,0.460051049,0.354826894,0.317579822,0.040693728,0,0.812849851,0.011292879,0.619376425,0.616024057,0.843645538,0.298797148,0.026829319,0.56533402,1,0.014245743,4
5430,0,0.515575489,0.585095944,0.569195353,0.608094668,0.608094668,0.999151421,0.797617445,0.809515421,0.303541203,0.781792291,4980000000.0,0.0,0.458564203,0.000293029,0.067314506,0.199570182,0.199570182,0.199570182,0.245816394,0.307278772,0.030960267,0.122709877,0.196354598,0.022114399,0.848055886,0.689433073,0.689433073,0.21759803,7850000000.0,0.000486461,0.264050322,0.358015722,0.011935064,0.000658776,0.631029369,0.009171158,0.148290353,0.851709647,0.008883646,0.37869702,0.005365848,0.122697738,0.195430209,0.416119278,0.092953523,0.194947907,3240000000.0,1220000000.0,0.000854086,0.029032258,0.216732518,0.529714389,0.022080185,0.879164063,0.121414988,0.951744387,0.052554775,0.001409961,0.001861918,0.149630174,0.332512231,0.277865556,0.027517538,0.960366528,0.742551214,0.334081381,0.000604881,0.948827515,0.003196893,0.005206014,0.000449588,5290000000.0,0.594071006,6610000000.0,0.671564999,0.035354705,0.960366528,0.334081381,0.112013948,0.635419673,0.457983759,0.5255133,0.313164649,0.024524314,0,0.825446984,0.004731075,0.621197021,0.608093299,0.842775982,0.281430472,0.02679226,0.565163652,1,0.024574643,4
5455,0,0.483644518,0.5468273,0.531720113,0.631444673,0.631444673,0.999297011,0.797815549,0.809600049,0.303582775,0.781883098,0.0002788,0.0,0.458255538,0.0,0.287984614,0.207239476,0.207239476,0.207239476,0.25347452,0.234880102,0.027481586,0.138262356,0.212999925,0.022189906,0.848179007,0.689611505,0.689611505,0.217618256,7390000000.0,0.000510392,0.264109378,0.2793767,0.006640853,0.006714395,0.630612252,0.05945522,0.257792424,0.742207576,0.005659047,0.437323718,0.005365848,0.138249711,0.212080537,0.486189466,0.019490255,2840000000.0,0.217605895,8430000000.0,0.000286713,0.025645161,0.060235301,0.459442346,0.033298388,0.777133196,0.978981071,0.952741215,0.022544857,0.006672098,0.000452776,0.264320929,0.331373509,0.277051254,0.000277313,0.987070852,0.740135211,0.378258458,0.00010681,0.935756666,0.002489016,0.005894715,0.002141042,0.002212597,0.594064852,0.000131389,0.671601688,0.041390006,0.987070852,0.378258458,0.111645596,0.649453318,0.459927442,0.488154784,0.319107224,0.043448843,0,0.804892276,0.023521986,0.624232318,0.631443078,0.843134912,0.317897481,0.026791157,0.565158396,1,0.01247162,4
5493,0,0.553356408,0.585423027,0.594464372,0.611568342,0.611568342,0.998999245,0.797440231,0.809347987,0.303549904,0.781610536,0.000257869,0.0,0.462836869,480000000.0,0.275635186,0.188445493,0.188445493,0.188445493,0.247423655,0.325104336,0.160654597,0.124175556,0.204790239,0.022128575,0.848043922,0.689421128,0.689421128,0.217597257,0.000100308,0.000504727,0.264099277,0.38432808,0.006256455,0.001519675,0.630621498,0.014980987,0.184146083,0.815853917,0.005094783,0.374734669,0.005365848,0.124138942,0.203845864,0.410349092,0.473763118,0.071613931,8800000000.0,9670000000.0,0.000882076,0.135483871,0.010052436,0.393229461,0.001779803,0.759234714,0.190396102,0.650371891,0.144147997,0.001725647,0.00399221,0.191542584,0.344987897,0.284289233,0.012049635,0.995413387,0.732865909,0.339487125,0.0,0.942915363,0.002269454,0.117133259,5350000000.0,1100000000.0,0.593916791,3900000000.0,0.671574521,0.285190528,0.995413387,0.339487125,0.110933234,0.653554379,0.460753233,0.590302765,0.317174698,0.046016298,0,0.823048276,0.000961622,0.623625059,0.611565014,0.843346152,0.285644009,0.026793273,0.565168467,1,0.019061892,4
5570,0,0.682396529,0.752998256,0.733925799,0.638082129,0.638082129,0.99918597,0.812848454,0.82255104,0.330079502,0.795912327,0.000496427,0.0,0.476845911,0.000175018,0.091304788,0.237031731,0.237031731,0.237031731,0.324194006,0.325139704,0.001724216,0.096979073,0.265572042,0.022184897,0.848126258,0.689758717,0.689758717,0.217636796,9700000000.0,0.000535321,0.266067557,0.368065646,0.005014649,0.002935169,0.630628005,0.002189515,0.05698824,0.94301176,0.007748917,0.371508199,0.015137223,0.096984057,0.26467838,0.393662843,0.005997001,1.0,598000000.0,19100000.0,4920000000.0,0.009677419,0.010246317,0.399629135,0.0421016,0.747605378,0.055316507,0.052994653,0.030828732,0.005153247,0.007579593,0.021152427,0.356625636,0.27697486,0.0,0.333538787,0.731764968,0.32687059,0.051911809,0.969844434,0.007124239,0.003875182,0.000474963,0.000503364,0.593856127,0.000652846,0.671695196,0.084637709,0.333538787,0.32687059,0.114540429,0.650437068,0.462483043,0.595384629,0.315436529,0.056829464,0,0.90715102,0.010501777,0.623612709,0.638080293,0.846445,0.27636716,0.026795599,0.565179488,1,0.067651908,4
5614,0,0.495636913,0.552605757,0.543658654,0.637851511,0.637851511,0.99940343,0.797918474,0.809682464,0.303539995,0.782050818,0.000275215,0.0,0.465702088,0.0,0.261666161,0.197884623,0.197884623,0.197884623,0.250638177,0.368324255,0.016712797,0.129631138,0.202304738,0.02210457,0.848032699,0.689378453,0.689378453,0.217595379,5390000000.0,0.00047044,0.263963292,0.436906226,0.007336639,0.007092442,0.630612252,0.029985683,0.227650633,0.772349367,0.005694614,0.403900394,0.005365848,0.129651343,0.201372446,0.443491157,0.020989505,3250000000.0,0.189073381,3670000000.0,0.000172481,0.019677419,0.052300868,0.469087085,0.039626493,0.797025316,0.934483152,0.920554753,0.0174709,0.007266881,0.00039942,0.232137281,0.353352938,0.277049397,0.000537665,0.979571873,0.740110038,0.352298224,0.0,0.937804404,0.002501925,0.008651926,0.001718035,0.001755216,0.594132794,8470000000.0,0.671523357,0.06820595,0.979571873,0.352298224,0.110933234,0.629866277,0.457797113,0.657274158,0.309374024,0.03946479,0,0.809728477,0.019352898,0.624634819,0.637852556,0.842762572,0.296525691,0.026791157,0.565158396,1,0.014663144,4
